Incoming Month	GMMonth
1462791.740000000	17204.000000000
